{
  "selected_model": "RandomForest",
  "results": [
    {
      "name": "RandomForest",
      "avg_mae": 1.2227892776964422,
      "avg_r2": 0.8153504221176293,
      "per_target": {
        "predicted_rr": {
          "mae": 1.1457140673523953,
          "r2": 0.8313031452147559
        },
        "predicted_bpm": {
          "mae": 2.331037525557358,
          "r2": 0.9904681804215042
        },
        "ie_exp_ratio": {
          "mae": 0.19161624017957354,
          "r2": 0.6242799407166275
        }
      }
    },
    {
      "name": "SVM",
      "avg_mae": 1.6535547958713126,
      "avg_r2": 0.7484533593788173,
      "per_target": {
        "predicted_rr": {
          "mae": 1.372478124214207,
          "r2": 0.7467224046704874
        },
        "predicted_bpm": {
          "mae": 3.360790218488842,
          "r2": 0.9760730982719805
        },
        "ie_exp_ratio": {
          "mae": 0.22739604491088877,
          "r2": 0.5225645751939838
        }
      }
    }
  ]
}